{
  "formatVersion": 1,
  "database": {
    "version": 1,
    "identityHash": "8d9754eca87e653a7303ce90c629bf65",
    "entities": [
      {
        "tableName": "users",
        "createSql": "CREATE TABLE IF NOT EXISTS `${TABLE_NAME}` (`name` TEXT NOT NULL, `gender` TEXT NOT NULL, `location` TEXT NOT NULL, `email` TEXT NOT NULL, `login` TEXT NOT NULL, `dateOfBirth` INTEGER NOT NULL, `registrationDate` INTEGER NOT NULL, `phone` TEXT NOT NULL, `cell` TEXT NOT NULL, `picture` TEXT NOT NULL, `nationality` TEXT NOT NULL, PRIMARY KEY(`name`))",
        "fields": [
          {
            "fieldPath": "name",
            "columnName": "name",
            "affinity": "TEXT",
            "notNull": true
          },
          {
            "fieldPath": "gender",
            "columnName": "gender",
            "affinity": "TEXT",
            "notNull": true
          },
          {
            "fieldPath": "location",
            "columnName": "location",
            "affinity": "TEXT",
            "notNull": true
          },
          {
            "fieldPath": "email",
            "columnName": "email",
            "affinity": "TEXT",
            "notNull": true
          },
          {
            "fieldPath": "login",
            "columnName": "login",
            "affinity": "TEXT",
            "notNull": true
          },
          {
            "fieldPath": "dateOfBirth",
            "columnName": "dateOfBirth",
            "affinity": "INTEGER",
            "notNull": true
          },
          {
            "fieldPath": "registrationDate",
            "columnName": "registrationDate",
            "affinity": "INTEGER",
            "notNull": true
          },
          {
            "fieldPath": "phone",
            "columnName": "phone",
            "affinity": "TEXT",
            "notNull": true
          },
          {
            "fieldPath": "cell",
            "columnName": "cell",
            "affinity": "TEXT",
            "notNull": true
          },
          {
            "fieldPath": "picture",
            "columnName": "picture",
            "affinity": "TEXT",
            "notNull": true
          },
          {
            "fieldPath": "nationality",
            "columnName": "nationality",
            "affinity": "TEXT",
            "notNull": true
          }
        ],
        "primaryKey": {
          "columnNames": [
            "name"
          ],
          "autoGenerate": false
        },
        "indices": [],
        "foreignKeys": []
      }
    ],
    "views": [],
    "setupQueries": [
      "CREATE TABLE IF NOT EXISTS room_master_table (id INTEGER PRIMARY KEY,identity_hash TEXT)",
      "INSERT OR REPLACE INTO room_master_table (id,identity_hash) VALUES(42, '8d9754eca87e653a7303ce90c629bf65')"
    ]
  }
}